time,seconds_elapsed,z,y,x
1783002691384452900,0.074452880859375,0.17127640545368195,0.040353816002607346,-0.35644254088401794
1783002691394504000,0.08450390625,0.1734093427658081,0.05175081267952919,-0.3839402198791504
1783002691404555800,0.0945556640625,0.15540264546871185,0.0221463143825531,-0.37531715631484985
1783002691414606800,0.10460693359375,0.10769530385732651,-0.05632692202925682,-0.323262482881546
1783002691424658700,0.11465869140625,0.04928738996386528,-0.06768317520618439,-0.21715602278709412
1783002691434709800,0.124709716796875,0.019828831776976585,0.03369005396962166,-0.08451781421899796
1783002691444761900,0.134761962890625,0.01847488060593605,0.12679176032543182,0.007987619377672672
1783002691454812700,0.144812744140625,0.01763438805937767,0.11426319181919098,0.00683074165135622
1783002691464864800,0.15486474609375,0.014944860711693764,0.01949327439069748,-0.027893150225281715
1783002691474915800,0.164915771484375,0.004854409955441952,-0.06897427141666412,-0.053707435727119446
1783002691484967700,0.1749677734375,-0.009410546161234379,-0.07805139571428299,-0.08979406952857971
1783002691495018800,0.185018798828125,-0.012588229961693287,-0.027360783889889717,-0.16514527797698975
1783002691505070800,0.19507080078125,0.0028431906830519438,0.053586527705192566,-0.24754615128040314
1783002691515122000,0.205121826171875,0.0226171612739563,0.09358880668878555,-0.3161129653453827
1783002691525174000,0.215174072265625,0.014503574930131435,0.06567088514566422,-0.3563951253890991
1783002691535224800,0.225224853515625,-0.0007118629291653633,0.054971374571323395,-0.32196205854415894
1783002691545277000,0.23527685546875,0.004701011814177036,0.10254581272602081,-0.23199914395809174
1783002691555328000,0.245327880859375,0.020237892866134644,0.1712479144334793,-0.14417554438114166
1783002691565379800,0.2553798828125,0.03213902935385704,0.17998042702674866,-0.09602399915456772
1783002691575431000,0.265430908203125,0.035241611301898956,0.14701367914676666,-0.07078975439071655
1783002691585482800,0.275482666015625,0.04518425464630127,0.10282757878303528,-0.05441636964678764
1783002691595533800,0.285533935546875,0.05969235673546791,0.02966921217739582,-0.04216689616441727
1783002691605586000,0.2955859375,0.07243052124977112,-0.07264011353254318,-0.036607012152671814
1783002691615636700,0.30563671875,0.09900567680597305,-0.13723748922348022,-0.04644020274281502
1783002691625688800,0.315688720703125,0.10972010344266891,-0.13894030451774597,-0.07634750008583069
1783002691635740000,0.325739990234375,0.07333359867334366,-0.14876924455165863,-0.12068939954042435
1783002691645791700,0.335791748046875,0.01593928597867489,-0.1551794707775116,-0.12939581274986267
1783002691655842800,0.3458427734375,-0.03203170374035835,-0.0913086086511612,-0.10495011508464813
1783002691665894700,0.355894775390625,-0.07547584921121597,-0.02208319865167141,-0.12290728092193604
1783002691675945700,0.36594580078125,-0.1229592114686966,-0.05221766605973244,-0.205325186252594
1783002691685997800,0.375997802734375,-0.1500379741191864,-0.14649702608585358,-0.2823331654071808
1783002691696050000,0.3860498046875,-0.1464426964521408,-0.2074810266494751,-0.3150959014892578
1783002691706101000,0.39610107421875,-0.12685221433639526,-0.20771297812461853,-0.3030967712402344
1783002691716151800,0.40615185546875,-0.10726626962423325,-0.18076631426811218,-0.2850514352321625
1783002691726204000,0.416203857421875,-0.09908290952444077,-0.14899666607379913,-0.2758054733276367
1783002691736256000,0.426256103515625,-0.08988914638757706,-0.111301489174366,-0.2676072120666504
1783002691746306800,0.436306884765625,-0.08279634267091751,-0.05539854243397713,-0.25892797112464905
1783002691756359000,0.44635888671875,-0.09320104867219925,-0.012532835826277733,-0.28134939074516296
1783002691766410000,0.456409912109375,-0.10935498774051666,0.004523112904280424,-0.3304367661476135
1783002691776461800,0.4664619140625,-0.12304070591926575,0.025298964232206345,-0.3727402985095978
1783002691786513000,0.476512939453125,-0.12802347540855408,0.04567161574959755,-0.37155357003211975
1783002691796564700,0.486564697265625,-0.12195120751857758,0.04291044920682907,-0.33018988370895386
1783002691806615800,0.49661572265625,-0.11506693065166473,0.012460663914680481,-0.2734922468662262
1783002691816668000,0.50666796875,-0.10502202063798904,-0.028140557929873466,-0.22055847942829132
1783002691826718700,0.51671875,-0.09939982742071152,-0.06079331040382385,-0.17758437991142273
1783002691836770800,0.526770751953125,-0.1046110987663269,-0.07342441380023956,-0.1420314460992813
1783002691846822000,0.53682177734375,-0.11833596229553223,-0.04988313838839531,-0.09947598725557327
1783002691856873700,0.546873779296875,-0.13060195744037628,-0.006164685357362032,-0.054904259741306305
1783002691866924800,0.5569248046875,-0.14812688529491425,0.029083849862217903,-0.028602084144949913
1783002691876976600,0.5669765625,-0.16429519653320312,0.049319613724946976,-0.03130705654621124
1783002691887027700,0.57702783203125,-0.17486394941806793,0.05102270469069481,-0.03826536238193512
1783002691897079800,0.587079833984375,-0.18083688616752625,0.026269154623150826,-0.045890793204307556
1783002691907130600,0.597130615234375,-0.1974204033613205,-0.0190767552703619,-0.07688918709754944
1783002691917183000,0.607182861328125,-0.22959297895431519,-0.03242798149585724,-0.126607745885849
1783002691927234000,0.617234130859375,-0.2737465798854828,-0.03261253610253334,-0.1730964183807373
1783002691937286000,0.627285888671875,-0.31498804688453674,-0.04470408707857132,-0.20981554687023163
1783002691947337000,0.6373369140625,-0.344255656003952,-0.049262356013059616,-0.2249247282743454
1783002691957388800,0.647388916015625,-0.34929993748664856,-0.010382600128650665,-0.19625473022460938
1783002691967440000,0.65743994140625,-0.3285576403141022,0.042940542101860046,-0.1417403519153595
1783002691977492000,0.667491943359375,-0.2932579815387726,0.03874047100543976,-0.08597110211849213
1783002691987542800,0.677542724609375,-0.24963273108005524,-0.019284747540950775,-0.03537290543317795
1783002691997595000,0.687594970703125,-0.20489563047885895,-0.06578221172094345,0.042561840265989304
1783002692007646000,0.69764599609375,-0.162286639213562,-0.07471631467342377,0.11637987196445465
1783002692017697800,0.70769775390625,-0.11681476980447769,-0.05962151661515236,0.14498941600322723
1783002692027750000,0.71775,-0.04476054757833481,-0.004093545023351908,0.12835930287837982
1783002692037800700,0.72780078125,0.02436153218150139,0.07416530698537827,0.10105764120817184
1783002692047852800,0.737852783203125,0.06369322538375854,0.11943584680557251,0.08176650106906891
1783002692057903900,0.74790380859375,0.0849580317735672,0.12201059609651566,0.048645298928022385
1783002692067955700,0.757955810546875,0.09993059188127518,0.06576729565858841,-0.01811721920967102
1783002692078006800,0.7680068359375,0.09636861085891724,-0.044499289244413376,-0.10903940349817276
1783002692088058600,0.77805859375,0.04825275018811226,-0.18274743854999542,-0.2036529928445816
1783002692098109700,0.788109619140625,-0.020671989768743515,-0.2998567521572113,-0.2704605162143707
1783002692108162000,0.798162109375,-0.10415010154247284,-0.41016116738319397,-0.29475921392440796
1783002692118212900,0.808212890625,-0.19771628081798553,-0.5141027569770813,-0.2696954011917114
1783002692128265000,0.818264892578125,-0.27029672265052795,-0.5490711331367493,-0.19395215809345245
1783002692138316000,0.82831591796875,-0.30014464259147644,-0.5254539251327515,-0.05912989750504494
1783002692148368000,0.838367919921875,-0.3046075701713562,-0.5001000761985779,0.10593388974666595
1783002692158419000,0.8484189453125,-0.277162104845047,-0.48675820231437683,0.285047709941864
1783002692168470800,0.858470703125,-0.22395826876163483,-0.43980294466018677,0.44049564003944397
1783002692178521900,0.86852197265625,-0.14584295451641083,-0.34639763832092285,0.5462085008621216
1783002692188574000,0.878573974609375,-0.032887108623981476,-0.24230638146400452,0.6237629055976868
1783002692198624800,0.888624755859375,0.09067291021347046,-0.16281315684318542,0.6731749176979065
1783002692208676400,0.89867626953125,0.20656649768352509,-0.07729984819889069,0.7115218043327332
1783002692218727400,0.9087275390625,0.2870118021965027,0.059302207082509995,0.7349962592124939
1783002692228779300,0.918779296875,0.34110671281814575,0.19909259676933289,0.7439929246902466
1783002692238830300,0.928830322265625,0.3758937418460846,0.3196035623550415,0.7372013330459595
1783002692248882200,0.938882080078125,0.40676483511924744,0.4109595715999603,0.716457724571228
1783002692258933200,0.948933349609375,0.4177764654159546,0.44644272327423096,0.6468091011047363
1783002692268985300,0.9589853515625,0.4051000773906708,0.39684775471687317,0.528705358505249
1783002692279036200,0.9690361328125,0.36699211597442627,0.29359114170074463,0.4015098810195923
1783002692289088300,0.979088134765625,0.30552610754966736,0.13703827559947968,0.30801722407341003
1783002692299139300,0.989139404296875,0.2186596393585205,-0.007221959996968508,0.25039467215538025
1783002692309191200,0.999191162109375,0.13386298716068268,-0.08162268996238708,0.20521840453147888
1783002692319242200,1.0092421875,0.07683832198381424,-0.1090599074959755,0.1646920144557953
1783002692329294000,1.019294189453125,0.04560716450214386,-0.1005290076136589,0.13819915056228638
1783002692339345200,1.02934521484375,0.047385357320308685,-0.04981788992881775,0.12399917840957642
1783002692349397200,1.039397216796875,0.059667859226465225,0.021087175235152245,0.09763254970312119
1783002692359448300,1.0494482421875,0.063911072909832,0.05994455888867378,0.06203487515449524
1783002692369500400,1.05950048828125,0.04532567039132118,0.08209380507469177,0.013688381761312485
1783002692379551200,1.06955126953125,0.02022670768201351,0.10071622580289841,0.010450243949890137
1783002692389603300,1.079603271484375,0.001781921018846333,0.10909479856491089,0.06321598589420319
1783002692399655400,1.089655517578125,-0.006665891967713833,0.13417963683605194,0.15963253378868103
1783002692409706200,1.099706298828125,0.021621938794851303,0.21127788722515106,0.252994179725647
1783002692419758300,1.10975830078125,0.058942943811416626,0.309410035610199,0.29359859228134155
1783002692429809400,1.119809326171875,0.1068393662571907,0.3410255014896393,0.3000791370868683
1783002692439861200,1.129861328125,0.1655849665403366,0.3001537024974823,0.31979238986968994
1783002692449912300,1.139912353515625,0.24273781478405,0.23569375276565552,0.3831985294818878
1783002692459964200,1.149964111328125,0.3261091411113739,0.17670473456382751,0.443151593208313
1783002692470015200,1.16001513671875,0.4075411558151245,0.13805320858955383,0.4609697461128235
1783002692480067300,1.1700673828125,0.4579089879989624,0.13004881143569946,0.4551432728767395
1783002692490118100,1.1801181640625,0.47449594736099243,0.1605643779039383,0.45469480752944946
1783002692500170200,1.190170166015625,0.4438093900680542,0.19209274649620056,0.45041775703430176
1783002692510221300,1.20022119140625,0.3751424551010132,0.17656837403774261,0.4208287298679352
1783002692520273200,1.210273193359375,0.30952349305152893,0.12170140445232391,0.36474573612213135
1783002692530324200,1.22032421875,0.24224352836608887,0.06920889765024185,0.3114769160747528
1783002692540376000,1.2303759765625,0.18444573879241943,0.016025038436055183,0.281604528427124
1783002692550427100,1.24042724609375,0.12906184792518616,-0.013276657089591026,0.24996988475322723
1783002692560479200,1.250479248046875,0.09211421757936478,-0.032054606825113297,0.19531303644180298
1783002692570530300,1.2605302734375,0.05468348413705826,-0.03490019217133522,0.09623465687036514
1783002692580582400,1.27058251953125,0.017648767679929733,-0.01727326214313507,-0.03266260400414467
1783002692590633500,1.280633544921875,-0.013082246296107769,0.007804127410054207,-0.1498291790485382
1783002692600685300,1.290685302734375,-0.03025856986641884,0.029412217438220978,-0.240011528134346
1783002692610736400,1.300736328125,-0.030061230063438416,0.04799628630280495,-0.2905080020427704
1783002692620788200,1.310788330078125,-0.019520437344908714,0.06216030940413475,-0.3142261207103729
1783002692630839300,1.32083935546875,0.002651176881045103,0.035292744636535645,-0.3259144425392151
1783002692640891400,1.330891357421875,0.03413240239024162,-0.05083175376057625,-0.31900620460510254
1783002692650942200,1.340942138671875,0.0563623420894146,-0.1631588339805603,-0.2988482117652893
1783002692660994300,1.350994384765625,0.0801563560962677,-0.2526887059211731,-0.27695703506469727
1783002692671045400,1.36104541015625,0.10737146437168121,-0.2937370836734772,-0.2654132843017578
1783002692681097200,1.37109716796875,0.10127868503332138,-0.3128873407840729,-0.29618000984191895
1783002692691148300,1.381148193359375,0.06913752853870392,-0.31256935000419617,-0.3569301664829254
1783002692701200100,1.3912001953125,0.02642202004790306,-0.279631644487381,-0.4343288242816925
1783002692711251200,1.401251220703125,-0.014039652422070503,-0.24676690995693207,-0.49655595421791077
1783002692721303300,1.41130322265625,-0.0664043202996254,-0.25568050146102905,-0.5384911894798279
1783002692731355100,1.421355224609375,-0.12331101298332214,-0.3178410828113556,-0.5381668210029602
1783002692741406200,1.43140625,-0.1629156768321991,-0.4355778396129608,-0.4876317083835602
1783002692751458000,1.4414580078125,-0.16557778418064117,-0.5567953586578369,-0.39293769001960754
1783002692761509000,1.451509033203125,-0.13169385492801666,-0.6194057464599609,-0.2847385108470917
1783002692771561500,1.4615615234375,-0.09527991712093353,-0.5922553539276123,-0.19352684915065765
1783002692781612300,1.4716123046875,-0.06308815628290176,-0.46845588088035583,-0.12757126986980438
1783002692791664400,1.481664306640625,-0.03256566449999809,-0.3223879039287567,-0.06283941864967346
1783002692801715500,1.491715576171875,-0.01708497665822506,-0.1965165138244629,0.00549276964738965
1783002692811767300,1.501767333984375,-0.02069542557001114,-0.08725421130657196,0.0639353096485138
1783002692821818400,1.511818359375,-0.006768424063920975,0.009703227318823338,0.12653237581253052
1783002692831870200,1.5218701171875,0.0032107068691402674,0.0652029737830162,0.1871459186077118
1783002692841921300,1.53192138671875,-0.010097375139594078,0.04616030305624008,0.22765979170799255
1783002692851973400,1.541973388671875,-0.04532833397388458,-0.06232595816254616,0.21204914152622223
1783002692862024200,1.552024169921875,-0.08177502453327179,-0.20184443891048431,0.14953063428401947
1783002692872076300,1.562076171875,-0.10401561111211777,-0.31171661615371704,0.046373091638088226
1783002692882127400,1.57212744140625,-0.13589951395988464,-0.3854001462459564,-0.06244366988539696
1783002692892179200,1.58217919921875,-0.19593994319438934,-0.41955146193504333,-0.146782785654068
1783002692902230300,1.592230224609375,-0.26797232031822205,-0.402654767036438,-0.19547122716903687
1783002692912282000,1.6022822265625,-0.31927812099456787,-0.34385430812835693,-0.21470670402050018
1783002692922333200,1.612333251953125,-0.34315603971481323,-0.2130875140428543,-0.2177078276872635
1783002692932385300,1.62238525390625,-0.32752725481987,-0.02400626614689827,-0.19223202764987946
1783002692942436000,1.63243603515625,-0.285719096660614,0.1504446268081665,-0.12409424781799316
1783002692952488200,1.64248828125,-0.22149084508419037,0.2685012221336365,-0.011030014604330063
1783002692962539300,1.652539306640625,-0.12869086861610413,0.31687062978744507,0.13264912366867065
1783002692972591000,1.662591064453125,-0.027522170916199684,0.3035143315792084,0.2946974039077759
1783002692982642200,1.67264208984375,0.06440029293298721,0.24679726362228394,0.443073570728302
1783002692992694300,1.6826943359375,0.12817661464214325,0.15556083619594574,0.5864669680595398
1783002693002745300,1.692745361328125,0.16603849828243256,0.053158026188611984,0.7014353275299072
1783002693012797400,1.70279736328125,0.1899140179157257,-0.03743978217244148,0.7848993539810181
1783002693022848300,1.71284814453125,0.19070976972579956,-0.07245688885450363,0.8165347576141357
1783002693032900400,1.722900390625,0.15941601991653442,-0.06585943698883057,0.7852884531021118
1783002693042952200,1.7329521484375,0.10366913676261902,-0.03752846643328667,0.705710768699646
1783002693053003300,1.743003173828125,0.020621122792363167,-0.003516171593219042,0.5929527878761292
1783002693063055400,1.753055419921875,-0.07219803333282471,0.050100184977054596,0.46113619208335876
1783002693073106200,1.763106201171875,-0.16056837141513824,0.1300184577703476,0.3265725374221802
1783002693083158300,1.773158203125,-0.24141128361225128,0.2226112335920334,0.17800195515155792
1783002693093209300,1.783209228515625,-0.29169923067092896,0.33394894003868103,0.051539089530706406
1783002693103261200,1.79326123046875,-0.31889089941978455,0.4180808663368225,-0.04739974066615105
1783002693113312300,1.803312255859375,-0.3293054699897766,0.4549752473831177,-0.11354919523000717
1783002693123364000,1.813364013671875,-0.32117322087287903,0.45658910274505615,-0.1505413055419922
1783002693133415200,1.823415283203125,-0.3003377318382263,0.4392649829387665,-0.15313681960105896
1783002693143467300,1.83346728515625,-0.2714781165122986,0.3826781213283539,-0.12058261036872864
1783002693153518000,1.84351806640625,-0.23597045242786407,0.2845321297645569,-0.05806383490562439
1783002693163570200,1.853570068359375,-0.20708952844142914,0.17203648388385773,0.026388997212052345
1783002693173621200,1.863621337890625,-0.1738375723361969,0.06102926656603813,0.09783894568681717
1783002693183673300,1.87367333984375,-0.14241759479045868,-0.0024554345291107893,0.15961523354053497
1783002693193724400,1.883724365234375,-0.10832460969686508,0.01101430132985115,0.1777803897857666
1783002693203776300,1.8937763671875,-0.09746024012565613,0.060688648372888565,0.14876817166805267
1783002693213831700,1.903831787109375,-0.10567103326320648,0.09023215621709824,0.06652043759822845
1783002693223883800,1.9138837890625,-0.11275424808263779,0.09928184747695923,-0.030408505350351334
1783002693233934800,1.923934814453125,-0.1166326031088829,0.07348620146512985,-0.13451041281223297
1783002693243987000,1.933987060546875,-0.11603206396102905,0.0011227887589484453,-0.2615700960159302
1783002693254037800,1.944037841796875,-0.10780210047960281,-0.0933440625667572,-0.4105622172355652
1783002693264089900,1.95408984375,-0.09892871230840683,-0.17223887145519257,-0.5372850298881531
1783002693274141000,1.964140869140625,-0.08932455629110336,-0.17530710995197296,-0.5799419283866882
1783002693284192800,1.97419287109375,-0.07762661576271057,-0.10612750053405762,-0.5136968493461609
1783002693294243800,1.984243896484375,-0.06843125820159912,0.02261875942349434,-0.338914155960083
1783002693304295700,1.994295654296875,-0.04020094871520996,0.1818781942129135,-0.07753873616456985
1783002693314346800,2.0043466796875,-0.02865002118051052,0.3222816288471222,0.2042548656463623
1783002693324398800,2.01439892578125,-0.03681527078151703,0.3956357538700104,0.4604472219944
1783002693334450700,2.02445068359375,-0.04519783705472946,0.4004307687282562,0.6437603235244751
1783002693344501800,2.034501708984375,-0.03759850934147835,0.3395852744579315,0.7574618458747864
1783002693354553600,2.0445537109375,-0.03206446021795273,0.2531222701072693,0.8264164328575134
1783002693364604700,2.054604736328125,-0.024759940803050995,0.16685102880001068,0.8791387677192688
1783002693374656800,2.06465673828125,-0.023606259375810623,0.05603743717074394,0.9075357913970947
1783002693384707600,2.07470751953125,-0.019419770687818527,-0.09251102805137634,0.9046227931976318
1783002693394760000,2.084760009765625,-0.002856240142136812,-0.20153950154781342,0.8993545770645142
1783002693404810800,2.094810791015625,0.00836925022304058,-0.251166969537735,0.8908324241638184
1783002693414862800,2.10486279296875,0.028209799900650978,-0.28108465671539307,0.8796543478965759
1783002693424914000,2.114913818359375,0.05161339417099953,-0.28816014528274536,0.8573415875434875
1783002693434965800,2.1249658203125,0.08461448550224304,-0.25095632672309875,0.8448106050491333
1783002693445016800,2.135016845703125,0.1327577829360962,-0.14749890565872192,0.8175424933433533
1783002693455069000,2.14506884765625,0.17358696460723877,-0.016937704756855965,0.7326963543891907
1783002693465119700,2.15511962890625,0.2031099796295166,0.14096510410308838,0.6018618941307068
1783002693475171800,2.165171875,0.2330540269613266,0.31140634417533875,0.4634491503238678
1783002693485223000,2.175222900390625,0.23640534281730652,0.43873393535614014,0.3318711519241333
1783002693495274800,2.185274658203125,0.2256014347076416,0.49539056420326233,0.22808723151683807
1783002693505325800,2.195325927734375,0.20895162224769592,0.47462669014930725,0.15655818581581116
1783002693515377700,2.205377685546875,0.17865683138370514,0.3934844434261322,0.11982014030218124
1783002693525428700,2.2154287109375,0.15833398699760437,0.27130022644996643,0.12582184374332428
1783002693535480800,2.225480712890625,0.15371446311473846,0.13959038257598877,0.15281911194324493
1783002693545531600,2.23553173828125,0.16060858964920044,0.0025720810517668724,0.20319625735282898
1783002693555583700,2.245583740234375,0.1742711365222931,-0.10798798501491547,0.266478568315506
1783002693565634800,2.255634765625,0.20095334947109222,-0.13149437308311462,0.3143960237503052
1783002693575686700,2.265686767578125,0.2503232955932617,-0.06993114948272705,0.33928805589675903
1783002693585739000,2.275739013671875,0.3009489178657532,0.009620669297873974,0.3177814185619354
1783002693595789600,2.28578955078125,0.309704065322876,0.034745994955301285,0.24952754378318787
1783002693605842000,2.295842041015625,0.29603058099746704,0.015356585383415222,0.14911171793937683
1783002693615893000,2.30589306640625,0.28427886962890625,0.02335326001048088,0.047994956374168396
1783002693625944800,2.31594482421875,0.25390470027923584,0.002017344580963254,-0.0543908029794693
1783002693635996000,2.325995849609375,0.20278826355934143,-0.09072750806808472,-0.13234259188175201
1783002693646047700,2.3360478515625,0.14750850200653076,-0.21813713014125824,-0.1419622004032135
1783002693656098800,2.346098876953125,0.08617616444826126,-0.34694305062294006,-0.0793323740363121
1783002693666151000,2.35615087890625,0.03429112955927849,-0.43441271781921387,0.023960726335644722
1783002693676201700,2.36620166015625,-0.012612464837729931,-0.4973706305027008,0.1404537856578827
1783002693686253800,2.37625390625,-0.05934721231460571,-0.5854496359825134,0.1963902860879898
1783002693696305000,2.386304931640625,-0.0926806703209877,-0.662525475025177,0.18155407905578613
1783002693706356700,2.396356689453125,-0.10434052348136902,-0.6467134952545166,0.14016243815422058
1783002693716407800,2.40640771484375,-0.08488879352807999,-0.5161536335945129,0.09518963098526001
1783002693726459600,2.416459716796875,-0.04406572878360748,-0.28296351432800293,0.054836615920066833
1783002693736510700,2.4265107421875,0.008957276120781898,0.022601183503866196,0.04814595729112625
1783002693746562800,2.436562744140625,0.0695314034819603,0.3342544138431549,0.0507233664393425
1783002693756613600,2.446613525390625,0.14088813960552216,0.5679087042808533,0.02706996724009514
1783002693766665700,2.456665771484375,0.21318763494491577,0.6936679482460022,-0.029474269598722458
1783002693776716800,2.466716796875,0.26741546392440796,0.730731725692749,-0.1149260550737381
1783002693786768600,2.4767685546875,0.2983400821685791,0.6709954142570496,-0.2327730655670166
1783002693796819700,2.48681982421875,0.29804500937461853,0.534834086894989,-0.33560889959335327
1783002693806871800,2.496871826171875,0.27555912733078003,0.3681338131427765,-0.3853660523891449
1783002693816922600,2.506922607421875,0.22549118101596832,0.2210301160812378,-0.3838062584400177
1783002693826975000,2.51697509765625,0.14252358675003052,0.09267400950193405,-0.34144628047943115
1783002693837025800,2.52702587890625,0.04789215698838234,0.012165053747594357,-0.27542945742607117
1783002693847078000,2.537077880859375,-0.03512309864163399,-0.04158792272210121,-0.2147224247455597
1783002693857129700,2.547129638671875,-0.09067744016647339,-0.08509465306997299,-0.16974934935569763
1783002693867180800,2.557180908203125,-0.09592413157224655,-0.11347223073244095,-0.14428314566612244
1783002693877233000,2.56723291015625,-0.06244340538978577,-0.13195590674877167,-0.1473042368888855
1783002693887283700,2.57728369140625,-0.006346312817186117,-0.14119839668273926,-0.15970444679260254
1783002693897335800,2.587335693359375,0.05278225615620613,-0.14270921051502228,-0.1818065494298935
1783002693907387000,2.597386962890625,0.11298035085201263,-0.10117854923009872,-0.2118946760892868
1783002693917438700,2.607438720703125,0.17418351769447327,0.0029915287159383297,-0.21910332143306732
1783002693927489800,2.61748974609375,0.23560427129268646,0.11961135268211365,-0.2013903707265854
1783002693937541600,2.627541748046875,0.2802537679672241,0.17366766929626465,-0.17009982466697693
1783002693947592700,2.6375927734375,0.29702022671699524,0.1720559149980545,-0.15978993475437164
1783002693957644800,2.647644775390625,0.3029676079750061,0.15699493885040283,-0.1678481251001358
1783002693967695600,2.657695556640625,0.29467931389808655,0.14577637612819672,-0.17888878285884857
1783002693977747700,2.667747802734375,0.28503093123435974,0.11697189509868622,-0.17822645604610443
1783002693987798800,2.677798828125,0.27352502942085266,0.06179652363061905,-0.1599249541759491
1783002693997851000,2.687850830078125,0.25511085987091064,-0.01130724884569645,-0.13843803107738495
1783002694007901700,2.697901611328125,0.24760712683200836,-0.07455173134803772,-0.11778043210506439
1783002694017953800,2.707953857421875,0.24717570841312408,-0.11136700212955475,-0.12666340172290802
1783002694028004900,2.7180048828125,0.24369388818740845,-0.13484196364879608,-0.1573057323694229
1783002694038057000,2.728056884765625,0.23997078835964203,-0.15065288543701172,-0.18858270347118378
1783002694048107800,2.738107666015625,0.21723884344100952,-0.15307477116584778,-0.2028588354587555
1783002694058159900,2.748159912109375,0.1899086833000183,-0.13272368907928467,-0.21911503374576569
1783002694068211700,2.758211669921875,0.1595316082239151,-0.10321427136659622,-0.22242029011249542
1783002694078262800,2.7682626953125,0.11778921633958817,-0.11008309572935104,-0.22218087315559387
1783002694088315000,2.77831494140625,0.07688546180725098,-0.10630566626787186,-0.19808273017406464
1783002694098365700,2.78836572265625,0.045648712664842606,-0.05895146727561951,-0.1610027402639389
1783002694108417800,2.798417724609375,0.022336997091770172,-0.02532799355685711,-0.1172264888882637
1783002694118468900,2.80846875,0.015541941858828068,-0.024538898840546608,-0.10048506408929825
1783002694128520700,2.818520751953125,0.015440475195646286,-0.044973600655794144,-0.10474745184183121
1783002694138571800,2.82857177734375,0.009947439655661583,-0.03448527306318283,-0.11920948326587677
1783002694148623600,2.83862353515625,0.0025094966404139996,-0.003230947069823742,-0.1480208933353424
1783002694158674700,2.8486748046875,-0.0037473340053111315,0.007585748098790646,-0.18298979103565216
1783002694168726800,2.858726806640625,-0.012040417641401291,0.01642637699842453,-0.20670656859874725
1783002694178777600,2.868777587890625,-0.03374224901199341,0.02117372862994671,-0.21181903779506683
1783002694188830000,2.878829833984375,-0.07855978608131409,0.026548786088824272,-0.2325914353132248
1783002694198880800,2.888880859375,-0.12371022254228592,0.05137237533926964,-0.2389097809791565
1783002694208928000,2.898927978515625,-0.16552318632602692,0.08081521838903427,-0.22244878113269806
1783002694218979000,2.90897900390625,-0.1891089379787445,0.01786874607205391,-0.19386374950408936
1783002694229031200,2.91903125,-0.19850003719329834,-0.1081046313047409,-0.17461735010147095
1783002694239082000,2.92908203125,-0.17823737859725952,-0.20520880818367004,-0.1448834240436554
1783002694249134300,2.93913427734375,-0.14842303097248077,-0.2816127836704254,-0.11672235280275345
1783002694259185400,2.949185302734375,-0.1156163439154625,-0.3521905243396759,-0.10221158713102341
1783002694269237200,2.9592373046875,-0.09828129410743713,-0.38176068663597107,-0.1027466207742691
1783002694279289300,2.969289306640625,-0.0885050967335701,-0.35889023542404175,-0.11188951879739761
1783002694289340200,2.979340087890625,-0.10634534806013107,-0.2927306592464447,-0.14675934612751007
1783002694299392300,2.989392333984375,-0.1312488317489624,-0.20829568803310394,-0.1897377073764801
1783002694309443300,2.999443359375,-0.14708611369132996,-0.1364782154560089,-0.20728394389152527
1783002694319495200,3.0094951171875,-0.17434410750865936,-0.12050670385360718,-0.17611271142959595
1783002694329546200,3.019546142578125,-0.19056035578250885,-0.1437598317861557,-0.11134756356477737
1783002694339598000,3.02959814453125,-0.19444963335990906,-0.19256599247455597,-0.036197151988744736
1783002694349649200,3.039649169921875,-0.16869021952152252,-0.24219106137752533,0.04352617263793945
1783002694359701200,3.049701171875,-0.10694961994886398,-0.22922971844673157,0.11492285877466202
1783002694369752000,3.059751953125,-0.10004031658172607,-0.20640990138053894,0.15234586596488953
1783002694379804200,3.06980419921875,-0.16943004727363586,-0.30089324712753296,0.10959254205226898
1783002694389855200,3.079855224609375,-0.24243474006652832,-0.38355404138565063,-0.016940101981163025
1783002694399907000,3.089906982421875,-0.24572373926639557,-0.3665226101875305,-0.1570522040128708
1783002694409958100,3.099958251953125,-0.25304317474365234,-0.29552245140075684,-0.26131895184516907
1783002694420010000,3.110010009765625,-0.29261136054992676,-0.22556601464748383,-0.2978748381137848
1783002694430061000,3.12006103515625,-0.322335422039032,-0.11583419144153595,-0.27282965183258057
1783002694440113400,3.130113525390625,-0.33175235986709595,0.007203318178653717,-0.2296086996793747
1783002694450164000,3.1401640625,-0.3282979726791382,0.09820885956287384,-0.2051590085029602
1783002694460216300,3.15021630859375,-0.2974418103694916,0.15942640602588654,-0.1825607568025589
1783002694470267400,3.160267333984375,-0.24768462777137756,0.18785645067691803,-0.16187918186187744
1783002694480319200,3.1703193359375,-0.20201195776462555,0.14611965417861938,-0.14421123266220093
1783002694490371300,3.180371337890625,-0.1638648360967636,0.060493435710668564,-0.11330525577068329
1783002694500422100,3.190422119140625,-0.12713158130645752,-0.009097091853618622,-0.052680522203445435
1783002694510474200,3.20047412109375,-0.0866968110203743,-0.01997211016714573,0.031133152544498444
1783002694520525300,3.210525390625,-0.034630682319402695,0.02484196610748768,0.15190564095973969
1783002694530577200,3.2205771484375,0.016700150445103645,0.07016284018754959,0.2929474413394928
1783002694540628200,3.230628173828125,0.046726759523153305,0.08241578191518784,0.42072218656539917
1783002694550680000,3.24068017578125,0.06118293106555939,0.07091065496206284,0.4885965883731842
1783002694560731100,3.250731201171875,0.05691148713231087,0.05148769170045853,0.5108637809753418
1783002694570783200,3.260783203125,0.04171096161007881,-0.0071039823815226555,0.4962465167045593
1783002694580834000,3.270833984375,0.0082704471424222,-0.08491542190313339,0.43875232338905334
1783002694590886100,3.28088623046875,-0.029471339657902718,-0.13453331589698792,0.33084210753440857
1783002694600937200,3.290937255859375,-0.0590694434940815,-0.14849840104579926,0.18143850564956665
1783002694610989000,3.300989013671875,-0.09062843769788742,-0.11867258697748184,0.021868281066417694
1783002694621040000,3.3110400390625,-0.11538464576005936,-0.03786695376038551,-0.1009652316570282
1783002694631092200,3.32109228515625,-0.13807877898216248,0.1012246236205101,-0.1670427769422531
1783002694641143000,3.33114306640625,-0.1624256670475006,0.22466985881328583,-0.18789799511432648
1783002694651195400,3.3411953125,-0.17946723103523254,0.28022393584251404,-0.17477233707904816
1783002694661246200,3.35124609375,-0.1783822625875473,0.28149664402008057,-0.12993057072162628
1783002694671298300,3.36129833984375,-0.15062066912651062,0.2702120542526245,-0.07010079175233841
1783002694681350100,3.37135009765625,-0.11161494255065918,0.24684253334999084,-0.0007906925166025758
1783002694691401200,3.381401123046875,-0.08525364845991135,0.1869259476661682,0.04579225555062294
1783002694701453300,3.391453369140625,-0.07246887683868408,0.09733640402555466,0.0513814315199852
1783002694711504100,3.401504150390625,-0.05193217471241951,0.016711601987481117,0.02611682191491127
1783002694721556200,3.41155615234375,-0.021870678290724754,-0.037752438336610794,-0.0005731122801080346
1783002694731607300,3.421607177734375,0.0038751657120883465,-0.05505872517824173,-0.029876405373215675
1783002694741659100,3.4316591796875,0.032994966953992844,-0.04463058337569237,-0.055689629167318344
1783002694751710200,3.441710205078125,0.05559401959180832,-0.01775476150214672,-0.08176090568304062
1783002694761762000,3.451761962890625,0.07108695805072784,0.009706157259643078,-0.10308430343866348
1783002694771813000,3.461813232421875,0.07425079494714737,0.0173861812800169,-0.12514832615852356
1783002694781865200,3.471865234375,0.06498752534389496,0.0002495381922926754,-0.1516401320695877
1783002694791916000,3.481916015625,0.04084277153015137,-0.011924304068088531,-0.15546734631061554
1783002694801968000,3.491968017578125,0.010832673870027065,0.011416705325245857,-0.14157311618328094
1783002694812019200,3.502019287109375,-0.04743782430887222,0.029569875448942184,-0.1297025978565216
1783002694822071300,3.5120712890625,-0.110563263297081,0.026855049654841423,-0.14712819457054138
1783002694832122000,3.5221220703125,-0.155989870429039,0.035662923008203506,-0.18124915659427643
1783002694842174200,3.53217431640625,-0.16984869539737701,0.07316821813583374,-0.20919395983219147
1783002694852225300,3.542225341796875,-0.1542675942182541,0.11445333808660507,-0.21105152368545532
1783002694862277400,3.55227734375,-0.11154437065124512,0.13878877460956573,-0.19138753414154053
1783002694872328200,3.562328125,-0.051466118544340134,0.14237365126609802,-0.16773094236850739
1783002694882380300,3.57238037109375,0.001603222917765379,0.14611220359802246,-0.15403591096401215
1783002694892432100,3.58243212890625,0.04000706970691681,0.13286323845386505,-0.13404275476932526
1783002694902483200,3.592483154296875,0.06641950458288193,0.10694615542888641,-0.10145498812198639
1783002694912535300,3.602535400390625,0.08913493901491165,0.08218035846948624,-0.07775445282459259
1783002694922586000,3.612586181640625,0.10327978432178497,0.04482712596654892,-0.06591616570949554
1783002694932638200,3.62263818359375,0.12031948566436768,-0.004431500099599361,-0.07666175812482834
1783002694942689300,3.632689208984375,0.12747913599014282,-0.012136558070778847,-0.10099798440933228
1783002694952741000,3.6427412109375,0.1281001716852188,0.01582423597574234,-0.1188289150595665
1783002694962792200,3.652792236328125,0.12133441865444183,0.04165556654334068,-0.13896507024765015
1783002694972844000,3.662843994140625,0.12044864892959595,0.03552177548408508,-0.14822062849998474
1783002694982895000,3.67289501953125,0.13082724809646606,0.03567197546362877,-0.14186206459999084
1783002694992947200,3.682947265625,0.14289137721061707,0.05861217901110649,-0.11214038729667664
1783002695002998000,3.692998046875,0.1482834815979004,0.09591054916381836,-0.07972119748592377
1783002695013050000,3.703050048828125,0.15090295672416687,0.11007963120937347,-0.052499692887067795
1783002695023101200,3.71310107421875,0.14754551649093628,0.1104988157749176,-0.03328391909599304
1783002695033153300,3.7231533203125,0.13056546449661255,0.1106594055891037,-0.01702106185257435
1783002695043204400,3.733204345703125,0.10332425683736801,0.11756338179111481,-0.015804529190063477
1783002695053256200,3.743256103515625,0.07043741643428802,0.13120755553245544,-0.02605956420302391
1783002695063308300,3.753308349609375,0.04073837399482727,0.14582325518131256,-0.030721960589289665
1783002695073359400,3.763359375,0.02093723975121975,0.16718606650829315,-0.011922173202037811
1783002695083411200,3.7734111328125,-0.001973402453586459,0.19172389805316925,0.0041518681682646275
1783002695093462300,3.783462158203125,-0.02791791781783104,0.20017516613006592,0.016028501093387604
1783002695103514000,3.79351416015625,-0.056836649775505066,0.17721685767173767,0.002316950121894479
1783002695113565200,3.803565185546875,-0.06374036520719528,0.14798493683338165,-0.00986434891819954
1783002695123617300,3.8136171875,-0.05042535811662674,0.14708559215068817,0.008678442798554897
1783002695133668000,3.823668212890625,-0.01625300571322441,0.17039890587329865,0.06348975747823715
1783002695143720200,3.83372021484375,0.0332341194152832,0.1986084282398224,0.12983602285385132
1783002695153771300,3.843771240234375,0.1072835773229599,0.22209244966506958,0.18993479013442993
1783002695163823000,3.853822998046875,0.16266322135925293,0.23027367889881134,0.21754750609397888
1783002695173874200,3.863874267578125,0.16929662227630615,0.16167810559272766,0.2050735205411911
1783002695183926000,3.873926025390625,0.1592511683702469,0.028594626113772392,0.1402740180492401
1783002695193977000,3.88397705078125,0.13866254687309265,-0.0794101357460022,0.06106841564178467
1783002695204029200,3.894029296875,0.08489198982715607,-0.12476084381341934,0.011805526912212372
1783002695214081500,3.90408154296875,-0.003742007538676262,-0.16505979001522064,-0.031142739579081535
1783002695224133400,3.91413330078125,-0.09755665063858032,-0.19328556954860687,-0.0868731141090393
1783002695234184400,3.924184326171875,-0.16140300035476685,-0.18921999633312225,-0.1304914355278015
1783002695244236500,3.934236572265625,-0.2009778469800949,-0.15005367994308472,-0.1431552916765213
1783002695254288600,3.94428857421875,-0.23140020668506622,-0.10456076264381409,-0.12013386189937592
1783002695264339700,3.954339599609375,-0.2507874667644501,-0.06644666939973831,-0.0789150521159172
1783002695274391600,3.9643916015625,-0.26463326811790466,-0.07088536024093628,-0.04565190523862839
1783002695284442600,3.974442626953125,-0.26822108030319214,-0.11112891882658005,-0.032292693853378296
1783002695294494700,3.98449462890625,-0.2560267150402069,-0.14490897953510284,0.0011150655336678028
1783002695304545500,3.994545654296875,-0.2221185564994812,-0.1477748155593872,0.06915856152772903
1783002695314597600,4.00459765625,-0.16777941584587097,-0.13132713735103607,0.189726784825325
1783002695324648700,4.014648681640625,-0.09038954973220825,-0.10311200469732285,0.33584991097450256
1783002695334700500,4.024700439453125,-0.006660832092165947,-0.08180990815162659,0.4633282423019409
1783002695344751600,4.034751708984375,0.06553613394498825,-0.07437623292207718,0.5244587063789368
1783002695354803500,4.044803466796875,0.10173408687114716,-0.08173933625221252,0.5122305154800415
1783002695364854500,4.0548544921875,0.10838772356510162,-0.10936351120471954,0.42836999893188477
1783002695374906600,4.06490673828125,0.10000649094581604,-0.15583433210849762,0.2888597548007965
1783002695384957400,4.07495751953125,0.08671199530363083,-0.1903449147939682,0.13805800676345825
1783002695395009500,4.085009521484375,0.06919771432876587,-0.2236756980419159,0.012790363281965256
1783002695405060600,4.095060546875,0.054913584142923355,-0.24797917902469635,-0.07606227695941925
1783002695415112400,4.105112548828125,0.04164757952094078,-0.2337951809167862,-0.12883360683918
1783002695425163500,4.11516357421875,0.0354919470846653,-0.19669228792190552,-0.16608484089374542
1783002695435215400,4.12521533203125,0.031671907752752304,-0.15000680088996887,-0.2011328488588333
1783002695445267700,4.135267822265625,0.035965193063020706,-0.11774740368127823,-0.2325192540884018
1783002695455318800,4.14531884765625,0.04327929764986038,-0.1038379818201065,-0.2679890990257263
1783002695465370600,4.15537060546875,0.05181233212351799,-0.10016760975122452,-0.2893686890602112
1783002695475421700,4.165421630859375,0.06951196491718292,-0.07804979383945465,-0.2898336946964264
1783002695485473500,4.1754736328125,0.09617340564727783,-0.032939840108156204,-0.2675406336784363
1783002695495524600,4.185524658203125,0.13431333005428314,0.024519458413124084,-0.21357034146785736
1783002695505576700,4.19557666015625,0.17209745943546295,0.08289328217506409,-0.1407264918088913
1783002695515627500,4.20562744140625,0.1978486329317093,0.12287585437297821,-0.0674927607178688
1783002695525679600,4.2156796875,0.21144726872444153,0.15133972465991974,-0.009130114689469337
1783002695535730700,4.225730712890625,0.21351201832294464,0.16359612345695496,0.04519570618867874
1783002695545782500,4.235782470703125,0.21005123853683472,0.162942573428154,0.09688899666070938
1783002695555833600,4.24583349609375,0.20686715841293335,0.1394260674715042,0.13465048372745514
1783002695565885400,4.255885498046875,0.1983860582113266,0.082710862159729,0.14359737932682037
1783002695575936500,4.2659365234375,0.18648572266101837,0.0028365328907966614,0.1262306421995163
1783002695585988600,4.275988525390625,0.17554280161857605,-0.056166067719459534,0.0754135325551033
1783002695596039400,4.286039306640625,0.16481344401836395,-0.08053532242774963,0.02123071998357773
1783002695606091500,4.296091552734375,0.15559785068035126,-0.056052617728710175,-0.02046266384422779
1783002695616142600,4.306142578125,0.13995656371116638,-0.007417169865220785,-0.055450741201639175
1783002695626194400,4.3161943359375,0.1176118478178978,0.04159404709935188,-0.08765555173158646
1783002695636246800,4.326246826171875,0.08441608399152756,0.06208307668566704,-0.1299944818019867
1783002695646297300,4.33629736328125,0.05186612531542778,0.05782787874341011,-0.16635861992835999
1783002695656349700,4.346349609375,0.025255821645259857,0.04252215847373009,-0.1785883903503418
1783002695666400800,4.35640087890625,0.010819091461598873,0.023141272366046906,-0.1683032512664795
1783002695676452600,4.36645263671875,0.005510346498340368,0.01116157416254282,-0.15981070697307587
1783002695686503700,4.376503662109375,-0.0009198558400385082,0.010115751065313816,-0.16118542850017548
1783002695696555500,4.386555419921875,-0.003933755215257406,0.005970540922135115,-0.14627039432525635
1783002695706606600,4.396606689453125,-0.012921657413244247,-0.03334490582346916,-0.13604065775871277
1783002695716658700,4.40665869140625,-0.032332371920347214,-0.0693439170718193,-0.13830354809761047
1783002695726709500,4.41670947265625,-0.052074920386075974,-0.07927537709474564,-0.1531330943107605
1783002695736761600,4.42676171875,-0.07568783313035965,-0.0740225613117218,-0.18479062616825104
1783002695746812700,4.436812744140625,-0.10280600935220718,-0.07647373527288437,-0.21834485232830048
1783002695756864500,4.446864501953125,-0.12299969047307968,-0.04876061528921127,-0.2270461916923523
1783002695766915600,4.45691552734375,-0.13645344972610474,0.013630324974656105,-0.21542948484420776
1783002695776967400,4.466967529296875,-0.133426234126091,0.05950194224715233,-0.1887209117412567
1783002695787018500,4.4770185546875,-0.12551212310791016,0.051350273191928864,-0.1533440202474594
1783002695797070600,4.487070556640625,-0.11323521286249161,0.006973220966756344,-0.13418284058570862
1783002695807122400,4.497122314453125,-0.11062158644199371,-0.04430434852838516,-0.11291509866714478
1783002695817173500,4.507173583984375,-0.11824727803468704,-0.07595708221197128,-0.0958317220211029
1783002695827225600,4.5172255859375,-0.13063417375087738,-0.08380728214979172,-0.05709763988852501
1783002695837276400,4.5272763671875,-0.14909814298152924,-0.06574279069900513,-0.01811029389500618
1783002695847328800,4.537328857421875,-0.16446484625339508,-0.051414720714092255,0.003649862250313163
1783002695857379600,4.547379638671875,-0.1693621277809143,-0.05181073397397995,0.015327024273574352
1783002695867431700,4.557431640625,-0.17179226875305176,-0.07152105122804642,0.04044942185282707
1783002695877482800,4.567482666015625,-0.20256616175174713,-0.06801313906908035,0.09812922775745392
1783002695887534600,4.57753466796875,-0.2387545257806778,0.016637565568089485,0.190005362033844
1783002695897585700,4.587585693359375,-0.2555164694786072,0.14863581955432892,0.28999826312065125
1783002695907637500,4.597637451171875,-0.2635650634765625,0.2980431318283081,0.3470325171947479
1783002695917688600,4.6076884765625,-0.24737223982810974,0.398808091878891,0.31391292810440063
1783002695927740700,4.61774072265625,-0.19940391182899475,0.3550020456314087,0.19664941728115082
1783002695937791500,4.62779150390625,-0.14010357856750488,0.16051244735717773,0.0638335719704628
1783002695947843600,4.637843505859375,-0.08832613378763199,-0.07112397998571396,-0.020128970965743065
1783002695957894700,4.647894775390625,-0.04524897038936615,-0.1579643338918686,-0.040650755167007446
1783002695967946500,4.657946533203125,0.01757420040667057,-0.061109691858291626,-0.005980127956718206
1783002695977998600,4.66799853515625,0.039861928671598434,0.033557694405317307,0.039677903056144714
1783002695988049400,4.67804931640625,-0.012149340473115444,-0.047210123389959335,0.05362248048186302
1783002695998101500,4.6881015625,-0.1041511669754982,-0.21082621812820435,0.057315487414598465
1783002696008152600,4.698152587890625,-0.17084524035453796,-0.23692598938941956,0.08350794017314911
1783002696018204700,4.70820458984375,-0.19191217422485352,-0.17283010482788086,0.1118178740143776
1783002696028255500,4.71825537109375,-0.2408437728881836,-0.16656342148780823,0.05283525213599205
1783002696038307600,4.7283076171875,-0.3167734146118164,-0.21642151474952698,-0.09724372625350952
1783002696048358700,4.738358642578125,-0.4019508957862854,-0.23427695035934448,-0.27132871747016907
1783002696058410800,4.74841064453125,-0.5038040280342102,-0.20845574140548706,-0.4201053977012634
1783002696068461600,4.758461669921875,-0.6107696294784546,-0.1732330322265625,-0.49228131771087646
1783002696078513700,4.768513671875,-0.671259880065918,-0.06750261038541794,-0.4782904088497162
1783002696088564700,4.778564697265625,-0.65751713514328,0.10887055844068527,-0.40929296612739563
1783002696098616600,4.788616455078125,-0.5879620313644409,0.25019571185112,-0.3483489155769348
1783002696108667600,4.798667724609375,-0.47852396965026855,0.30820098519325256,-0.2994256019592285
1783002696118719500,4.808719482421875,-0.3525407314300537,0.32010796666145325,-0.23626312613487244
1783002696128770600,4.8187705078125,-0.20631268620491028,0.33594098687171936,-0.13836613297462463
1783002696138822700,4.82882275390625,-0.0673297718167305,0.3091447949409485,-0.018385132774710655
1783002696148874500,4.83887451171875,0.024770060554146767,0.18514908850193024,0.1062723770737648
1783002696158925600,4.848925537109375,0.05531971529126167,0.014166153036057949,0.23103775084018707
1783002696168977400,4.858977294921875,0.04452059790492058,-0.024263260886073112,0.3685029149055481
1783002696179028500,4.869028564453125,0.01895930990576744,0.09834707528352737,0.47522085905075073
1783002696189080600,4.87908056640625,-0.03314517065882683,0.22614525258541107,0.511521577835083
1783002696199131400,4.88913134765625,-0.08739029616117477,0.28939586877822876,0.4924294054508209
1783002696209183500,4.89918359375,-0.10696213692426682,0.24742098152637482,0.4369874596595764
1783002696219234600,4.909234619140625,-0.11386744678020477,0.14918601512908936,0.3878185749053955
1783002696229286400,4.919286376953125,-0.12157703191041946,0.06331292539834976,0.3583996891975403
1783002696239337500,4.92933740234375,-0.15684740245342255,-0.017949972301721573,0.36097604036331177
1783002696249389300,4.939389404296875,-0.2129136025905609,-0.07791157811880112,0.41345763206481934
1783002696259440400,4.9494404296875,-0.2829241156578064,-0.0565682053565979,0.42446234822273254
1783002696269492500,4.959492431640625,-0.32868868112564087,-0.001847967505455017,0.35038891434669495
1783002696279543300,4.969543212890625,-0.3560827374458313,0.0020248014479875565,0.22887206077575684
1783002696289595400,4.979595458984375,-0.3890095353126526,-0.05542757362127304,0.07420419156551361
1783002696299646500,4.989646484375,-0.40476319193840027,-0.07166699320077896,-0.05566006526350975
1783002696309698300,4.9996982421875,-0.4102706015110016,-0.03874899446964264,-0.14853382110595703
1783002696319749400,5.009749267578125,-0.4181349277496338,0.04370353743433952,-0.2071254849433899
1783002696329801200,5.01980126953125,-0.4123561382293701,0.216268390417099,-0.24006186425685883
1783002696339853300,5.029853271484375,-0.38169223070144653,0.4310760200023651,-0.258332222700119
1783002696349904400,5.039904296875,-0.32300442457199097,0.5746172070503235,-0.28273555636405945
1783002696359956500,5.04995654296875,-0.2440350353717804,0.5568068027496338,-0.3319840729236603
1783002696370007600,5.060007568359375,-0.15168219804763794,0.37819069623947144,-0.38858556747436523
1783002696380059400,5.070059326171875,-0.058465439826250076,0.16872243583202362,-0.40978458523750305
1783002696390110500,5.0801103515625,0.0180549006909132,-0.04441327229142189,-0.36752742528915405
1783002696400162600,5.09016259765625,0.0674075335264206,-0.2369488924741745,-0.2655251622200012
1783002696410213400,5.10021337890625,0.09240822494029999,-0.37955719232559204,-0.13587048649787903
1783002696420265500,5.110265380859375,0.0851159617304802,-0.46642789244651794,-0.010529606603085995
1783002696430316500,5.120316650390625,0.032048746943473816,-0.4706553816795349,0.07551286369562149
1783002696440368400,5.130368408203125,-0.031807463616132736,-0.40918511152267456,0.12231099605560303
1783002696450419500,5.14041943359375,-0.0872076079249382,-0.29513123631477356,0.12538695335388184
1783002696460471300,5.15047119140625,-0.13481241464614868,-0.16839461028575897,0.0772191509604454
1783002696470522400,5.1605224609375,-0.1763734370470047,-0.0668163150548935,-0.03214142471551895
1783002696480574500,5.170574462890625,-0.20704053342342377,0.015382152050733566,-0.16352607309818268
1783002696490625300,5.180625244140625,-0.19035156071186066,0.07454800605773926,-0.27353620529174805
1783002696500677400,5.190677490234375,-0.13859222829341888,0.09785279631614685,-0.3429427146911621
1783002696510729200,5.200729248046875,-0.08048845082521439,0.09075946360826492,-0.37885355949401855
1783002696520780300,5.2107802734375,-0.045829806476831436,0.05922523885965347,-0.37313681840896606
1783002696530832400,5.220832275390625,-0.023140739649534225,0.031868983060121536,-0.3267490863800049
1783002696540883200,5.23088330078125,-0.01842188462615013,0.0377521738409996,-0.25795429944992065
1783002696550935600,5.240935546875,-0.0102592958137393,0.08537428826093674,-0.18094049394130707
1783002696560986600,5.250986572265625,0.0016391756944358349,0.110769122838974,-0.1121438518166542
1783002696571038500,5.26103857421875,0.01888500712811947,0.10975100100040436,-0.06884857267141342
1783002696581089500,5.271089599609375,0.03783553093671799,0.0965220108628273,-0.05940819904208183
1783002696591141400,5.281141357421875,0.043117910623550415,0.06542321294546127,-0.09376883506774902
1783002696601192400,5.2911923828125,0.05133269727230072,0.04468970745801926,-0.12099060416221619
1783002696611244500,5.30124462890625,0.07391470670700073,0.03758945316076279,-0.12909087538719177
1783002696621295400,5.31129541015625,0.09445619583129883,0.015091068111360073,-0.11774394661188126
1783002696631347500,5.321347412109375,0.113029345870018,-0.004002464935183525,-0.07900293916463852
1783002696641398500,5.3313984375,0.13078917562961578,0.000002663161012605997,-0.025478728115558624
1783002696651450400,5.341450439453125,0.14373746514320374,0.010290720500051975,0.019151857122778893
1783002696661501400,5.35150146484375,0.11638200283050537,-0.010403905063867569,0.006087187211960554
1783002696671553300,5.36155322265625,0.08006101101636887,0.006292783189564943,-0.023986293002963066
1783002696681604400,5.371604248046875,0.07396663725376129,0.08815569430589676,-0.006384129635989666
1783002696691656400,5.381656494140625,0.08527122437953949,0.17107826471328735,0.04734168201684952
1783002696701708300,5.391708251953125,0.08568907529115677,0.20082232356071472,0.10940079391002655
1783002696711759400,5.40175927734375,0.08440063148736954,0.19125996530056,0.1872503161430359
1783002696721811200,5.411811279296875,0.08149538934230804,0.20063909888267517,0.27448800206184387
1783002696731862300,5.4218623046875,0.09577446430921555,0.21876296401023865,0.3512783944606781
1783002696741914600,5.43191455078125,0.10672884434461594,0.19655193388462067,0.37298423051834106
1783002696751965400,5.44196533203125,0.10472294688224792,0.15008430182933807,0.3277437686920166
1783002696762017500,5.452017578125,0.09063988924026489,0.12169980257749557,0.2504764199256897
1783002696772068600,5.462068603515625,0.05464274063706398,0.12196984887123108,0.15986530482769012
1783002696782120400,5.472120361328125,0.009265669621527195,0.1278913915157318,0.11024847626686096
1783002696792171500,5.482171630859375,-0.008093879558146,0.1576647311449051,0.14687146246433258
1783002696802223400,5.492223388671875,0.005652559455484152,0.2282978892326355,0.2356085330247879
1783002696812274400,5.5022744140625,0.05266640707850456,0.2948846220970154,0.35096389055252075
1783002696822326500,5.512326416015625,0.12214934825897217,0.3277355134487152,0.44450634717941284
1783002696832377300,5.52237744140625,0.1714377999305725,0.2812125086784363,0.44572633504867554
1783002696842429400,5.532429443359375,0.1738831102848053,0.15641437470912933,0.33450421690940857
1783002696852481300,5.542481201171875,0.1251097172498703,-0.025742914527654648,0.1496262401342392
1783002696862532400,5.552532470703125,0.04199139401316643,-0.17358137667179108,-0.04038923606276512
1783002696872583400,5.56258349609375,-0.04326251894235611,-0.2396184504032135,-0.13275884091854095
1783002696882635300,5.57263525390625,-0.10635094344615936,-0.2226160317659378,-0.09892311692237854
1783002696892687400,5.582687255859375,-0.15061800181865692,-0.08641105145215988,0.031386151909828186
1783002696902738400,5.592738525390625,-0.1567336916923523,0.09403941035270691,0.1782110184431076
1783002696912790300,5.602790283203125,-0.10533308237791061,0.24755732715129852,0.26528653502464294
1783002696922841300,5.61284130859375,-0.01324176974594593,0.3423839807510376,0.2524101436138153
1783002696932893400,5.6228935546875,0.06952901184558868,0.36324718594551086,0.18852756917476654
1783002696942944300,5.6329443359375,0.12390809506177902,0.3512352705001831,0.12180233746767044
1783002696952996600,5.64299658203125,0.14685282111167908,0.27658259868621826,0.0881090834736824
1783002696963047400,5.65304736328125,0.16082297265529633,0.17468366026878357,0.11114756017923355
1783002696973099500,5.663099609375,0.16756263375282288,0.1141824945807457,0.17732524871826172
1783002696983150600,5.673150634765625,0.15794755518436432,0.08598548173904419,0.2504420578479767
1783002696993202400,5.683202392578125,0.13012631237506866,0.03832901269197464,0.2854548990726471
1783002697003253500,5.69325341796875,0.08651598542928696,0.009475527331233025,0.31225723028182983
1783002697013305300,5.703305419921875,0.04427185654640198,0.14869120717048645,0.43798398971557617
1783002697023356400,5.7133564453125,-0.048397891223430634,0.3747006356716156,0.6991141438484192
1783002697033408500,5.723408447265625,-0.08851468563079834,0.4581497311592102,0.8848147392272949
1783002697043460400,5.73346044921875,-0.06725466996431351,0.4843219518661499,0.9379682540893555
1783002697053511400,5.743511474609375,-0.038725558668375015,0.45892950892448425,0.9000086188316345
1783002697063563300,5.753563232421875,-0.013046826235949993,0.33812716603279114,0.7825842499732971
1783002697073614300,5.7636142578125,0.02389068529009819,0.02605183981359005,0.4745124578475952
1783002697083666400,5.77366650390625,0.03740649297833443,-0.34275469183921814,0.07592805474996567
1783002697093717200,5.78371728515625,0.04350113868713379,-0.3458535373210907,-0.143401637673378
1783002697103769300,5.793769287109375,0.08666618913412094,-0.148237407207489,-0.19052627682685852
1783002697113820400,5.8038203125,0.170728862285614,0.046845268458127975,-0.19729842245578766
1783002697123872500,5.81387255859375,0.22292469441890717,0.20062470436096191,-0.16270315647125244
1783002697133923300,5.82392333984375,0.2538975179195404,0.2833392918109894,-0.0731639564037323
